Date,Equity_Vol_Annual
2020-01-01,0.28
2020-02-01,0.35
2020-03-01,0.65
2020-04-01,0.5
2020-05-01,0.42
2020-06-01,0.38
2020-07-01,0.32
2020-08-01,0.3
2020-09-01,0.35
2020-10-01,0.33
2020-11-01,0.38
2020-12-01,0.32
2021-01-01,0.35
2021-02-01,0.55
2021-03-01,0.85
2021-04-01,0.52
2021-05-01,0.48
2021-06-01,0.45
2021-07-01,0.4
2021-08-01,0.42
2021-09-01,0.45
2021-10-01,0.48
2021-11-01,0.52
2021-12-01,0.5
